date,time,latitude,longitude,depth,magnitude,location
14/04/19,13:25:49,12.39,-86.53,12.6,1.8,Cerca del volcan Momotombo
14/04/19,13:09:45,12.40,-86.55,4.7,1.6,Cerca del volcan Momotombo
14/04/19,12:59:07,12.17,-86.33,7.8,1.3,En o cerca de Managua
14/04/19,12:18:15,12.39,-86.50,5.8,4.0,Cerca del volcan Momotombo
14/04/19,11:40:17,12.39,-86.52,4.8,1.9,Cerca del volcan Momotombo
14/04/19,11:33:35,14.34,-90.78,15.0,4.6,Guatemala
14/04/19,11:00:58,11.55,-88.99,15.0,3.8,Oceano Pacífico de Nicaragua
14/04/19,10:00:18,11.99,-88.00,15.0,2.5,Oceano Pacífico de Nicaragua
14/04/19,08:33:31,12.36,-86.48,5.8,2.4,Cerca del volcan Momotombo
14/04/19,08:18:02,12.37,-86.49,5.5,1.7,Cerca del volcan Momotombo
14/04/19,07:44:27,12.34,-86.48,0.7,3.9,Cerca del volcan Momotombo
14/04/19,07:36:11,8.39,-82.95,6.1,4.1,Sismo regional o lejano
14/04/19,06:53:04,12.41,-86.44,9.3,1.6,Cerca del volcan Momotombo
14/04/19,04:31:49,12.03,-87.86,20.1,3.8,Oceano Pacífico de Nicaragua
14/04/19,02:28:53,12.34,-86.54,4.1,1.1,Cerca del volcan Momotombo
14/04/19,02:23:03,12.37,-86.45,13.0,1.4,Cerca del volcan Momotombo
14/04/19,01:58:22,12.36,-86.53,7.9,1.3,Cerca del volcan Momotombo
14/04/19,01:06:32,12.30,-86.47,4.4,1.7,Cerca del volcan Apoyeque
14/04/19,00:59:07,12.38,-86.55,3.9,1.2,Cerca del volcan Momotombo
14/04/19,00:40:24,12.38,-86.53,4.8,1.4,Cerca del volcan Momotombo
14/04/19,00:11:59,12.40,-86.53,4.8,1.2,Cerca del volcan Momotombo
14/04/18,23:27:52,12.51,-87.79,67.7,4.8,Frente al Cosigüina
14/04/18,22:42:51,12.48,-87.84,61.2,3.4,Frente al Cosigüina
14/04/18,22:28:33,12.36,-86.48,7.8,1.9,Cerca del volcan Momotombo
14/04/18,21:03:00,12.40,-86.52,14.7,1.7,Cerca del volcan Momotombo
14/04/18,19:11:28,12.37,-86.56,12.9,1.1,Cerca del volcan Momotombo
14/04/18,17:36:50,12.35,-86.58,10.0,1.6,SO de La Paz Centro/Nagarote
14/04/18,15:31:23,12.38,-86.47,10.1,2.2,Cerca del volcan Momotombo
14/04/18,14:10:30,12.37,-86.52,7.1,1.3,Cerca del volcan Momotombo
14/04/18,13:59:57,12.60,-89.49,15.0,4.1,Frente a El Salvador
14/04/18,11:23:55,12.33,-86.62,43.3,2.2,SO de La Paz Centro/Nagarote
14/04/18,11:21:29,12.39,-86.48,6.3,3.0,Cerca del volcan Momotombo
14/04/18,10:51:37,12.33,-86.45,3.9,2.2,Cerca del volcan Apoyeque
14/04/18,09:17:14,12.35,-86.44,1.2,1.9,Cerca del volcan Momotombo
14/04/18,08:15:09,12.35,-86.45,12.7,2.3,Cerca del volcan Momotombo
14/04/18,08:09:20,12.24,-86.35,14.4,2.6,Cerca del volcan Apoyeque
14/04/18,06:32:51,12.31,-86.44,3.8,3.0,Cerca del volcan Apoyeque
14/04/18,06:26:45,12.33,-86.50,0.3,3.7,Cerca del volcan Momotombo
14/04/18,06:21:57,12.35,-86.45,4.4,4.4,Cerca del volcan Momotombo
14/04/18,06:05:17,12.36,-86.46,6.0,2.5,Cerca del volcan Momotombo
14/04/18,05:26:44,12.40,-86.56,4.5,1.4,Cerca del volcan Momotombo
14/04/18,02:28:29,12.08,-86.36,4.7,1.9,Oeste-Suroeste de Managua
14/04/18,00:27:59,12.13,-86.36,6.1,1.0,Oeste-Suroeste de Managua
14/04/18,00:26:23,12.16,-86.38,10.3,1.9,Oeste-Suroeste de Managua
14/04/17,23:52:53,12.38,-86.30,2.0,2.8,Nicaragua
14/04/17,22:51:23,12.22,-86.33,13.7,2.2,Cerca del volcan Apoyeque
14/04/17,21:42:53,12.38,-86.50,10.4,2.8,Cerca del volcan Momotombo
14/04/17,20:04:27,12.31,-86.46,12.6,1.7,Cerca del volcan Apoyeque
14/04/17,19:37:53,12.30,-86.44,2.1,2.8,Cerca del volcan Apoyeque
14/04/17,19:10:12,12.18,-86.33,5.7,1.8,Cerca del volcan Apoyeque
14/04/17,18:19:05,12.37,-86.46,2.1,3.9,Cerca del volcan Momotombo
14/04/17,17:42:20,12.20,-86.34,5.3,2.5,Cerca del volcan Apoyeque
14/04/17,17:22:23,12.30,-86.46,10.4,1.8,Cerca del volcan Apoyeque
14/04/17,17:06:21,12.35,-86.52,13.2,1.4,Cerca del volcan Momotombo
14/04/17,16:35:49,12.17,-86.33,15.3,2.8,En o cerca de Managua
14/04/17,16:32:16,12.20,-86.34,5.4,3.7,Cerca del volcan Apoyeque
14/04/17,16:16:48,12.43,-86.57,2.0,1.0,Cerca del volcan Momotombo
14/04/17,16:15:43,12.39,-86.55,2.0,1.3,Cerca del volcan Momotombo
14/04/17,14:20:46,12.41,-86.53,5.5,3.0,Cerca del volcan Momotombo
14/04/17,13:17:35,12.35,-86.51,5.5,1.5,Cerca del volcan Momotombo
14/04/17,12:55:40,13.04,-89.70,40.0,3.0,Frente a El Salvador
14/04/17,09:53:58,12.17,-86.36,7.5,2.2,Cerca del volcan Apoyeque
14/04/17,09:45:07,12.39,-86.42,1.5,3.0,Cerca del volcan Momotombo
14/04/17,09:21:25,11.59,-87.37,14.0,3.6,Frente a Puerto Sandino
14/04/17,08:27:27,12.37,-86.43,3.7,3.3,Cerca del volcan Momotombo
14/04/17,05:04:06,12.14,-86.33,15.0,2.1,En o cerca de Managua
14/04/17,04:44:32,12.16,-86.31,14.7,2.2,En o cerca de Managua
14/04/17,04:36:58,12.18,-86.33,5.6,2.5,En o cerca de Managua
14/04/17,04:13:01,12.32,-86.44,7.6,1.1,Cerca del volcan Apoyeque
14/04/17,03:25:50,12.23,-86.30,9.9,1.9,Cerca del volcan Apoyeque
14/04/17,03:20:17,12.18,-86.33,1.0,1.4,Cerca del volcan Apoyeque
14/04/17,03:07:37,12.18,-86.33,5.9,2.5,En o cerca de Managua
14/04/17,03:00:38,12.15,-86.33,11.5,1.9,En o cerca de Managua
14/04/17,01:59:59,12.21,-86.31,6.3,2.3,Cerca del volcan Apoyeque
14/04/17,00:56:25,12.17,-86.31,14.2,1.9,Sur del Lago de Managua
14/04/17,00:44:20,12.36,-86.48,12.7,2.2,Cerca del volcan Momotombo
14/04/17,00:40:47,12.15,-86.37,2.0,1.5,Cerca del volcan Apoyeque
14/04/17,00:16:08,12.20,-86.30,3.7,1.7,Sur del Lago de Managua
14/04/16,22:51:51,13.77,-89.26,0.6,3.9,El Salvador
14/04/16,22:34:41,12.22,-86.35,15.0,2.5,Cerca del volcan Apoyeque
14/04/16,22:24:19,12.23,-86.36,6.6,1.9,Cerca del volcan Apoyeque
14/04/16,21:29:06,12.25,-86.38,2.1,2.0,Cerca del volcan Apoyeque
14/04/16,21:12:51,12.21,-86.37,1.6,1.4,Cerca del volcan Apoyeque
14/04/16,20:15:26,12.18,-86.34,6.0,2.1,Cerca del volcan Apoyeque
14/04/16,19:36:25,12.36,-86.49,13.1,1.7,Cerca del volcan Momotombo
14/04/16,19:08:18,12.02,-87.11,6.0,2.0,Frente a Poneloya
14/04/16,18:11:45,12.36,-86.44,6.7,2.3,Cerca del volcan Momotombo
14/04/16,17:55:14,12.20,-86.34,13.3,1.1,Cerca del volcan Apoyeque
14/04/16,17:34:34,12.18,-86.34,4.3,2.2,Cerca del volcan Apoyeque
14/04/16,16:53:26,12.23,-86.33,2.0,1.8,Cerca del volcan Apoyeque
14/04/16,16:44:52,12.20,-86.34,5.5,2.8,Cerca del volcan Apoyeque
14/04/16,14:19:52,12.24,-86.38,4.6,1.6,Cerca del volcan Apoyeque
14/04/16,13:40:08,12.27,-86.36,2.0,1.6,Cerca del volcan Apoyeque
14/04/16,13:13:37,12.30,-86.44,13.1,2.1,Cerca del volcan Apoyeque
14/04/16,11:59:05,12.32,-86.50,16.7,2.9,Cerca del volcan Momotombo
14/04/16,11:09:06,12.38,-86.44,2.0,3.1,Cerca del volcan Momotombo
14/04/16,11:03:10,11.01,-86.97,15.0,2.3,Frente a La Boquita y Casares
14/04/16,10:04:31,12.20,-86.37,4.4,1.3,Cerca del volcan Apoyeque
14/04/16,09:43:24,12.38,-86.47,6.9,2.5,Cerca del volcan Momotombo
14/04/16,09:40:06,12.35,-86.48,11.5,1.7,Cerca del volcan Momotombo
14/04/16,08:32:50,12.30,-86.49,2.0,1.4,Cerca del volcan Apoyeque
14/04/16,06:52:07,12.33,-86.47,0.6,2.1,Cerca del volcan Momotombo
14/04/16,05:46:06,12.28,-86.32,1.7,2.2,Cerca del volcan Apoyeque
14/04/16,04:58:02,12.38,-86.43,0.9,2.3,Cerca del volcan Momotombo
14/04/16,04:13:06,12.40,-86.32,16.1,1.4,Nicaragua
14/04/16,01:19:51,12.42,-86.49,5.5,1.8,Cerca del volcan Momotombo
14/04/16,00:52:18,12.37,-86.49,4.0,1.8,Cerca del volcan Momotombo
14/04/16,00:02:21,13.23,-89.13,48.6,3.6,Frente a El Salvador
14/04/15,23:34:36,11.29,-86.86,64.6,2.8,Frente a Masachapa
14/04/15,23:25:13,12.38,-86.51,3.8,2.0,Cerca del volcan Momotombo
14/04/15,23:21:52,12.40,-86.45,6.0,2.3,Cerca del volcan Momotombo
14/04/15,22:51:33,12.17,-86.39,5.7,1.5,Cerca del volcan Apoyeque
14/04/15,22:22:45,12.31,-86.45,4.1,2.5,Cerca del volcan Apoyeque
14/04/15,22:12:27,12.53,-87.79,59.4,3.8,Frente al Cosigüina
14/04/15,21:48:37,12.35,-86.46,6.0,2.0,Cerca del volcan Momotombo
14/04/15,21:18:32,12.35,-86.45,5.6,3.8,Cerca del volcan Momotombo
14/04/15,15:39:21,12.43,-86.51,7.4,1.4,Cerca del volcan Momotombo
14/04/15,14:53:55,12.39,-86.47,8.6,2.3,Cerca del volcan Momotombo
14/04/15,13:54:59,12.37,-86.45,5.7,2.6,Cerca del volcan Momotombo
14/04/15,13:47:49,12.39,-86.50,0.4,1.5,Cerca del volcan Momotombo
14/04/15,13:42:43,12.44,-86.45,3.5,2.6,Cerca del volcan Momotombo
14/04/15,12:50:04,12.42,-86.49,5.6,2.8,Cerca del volcan Momotombo
14/04/15,12:30:43,12.41,-86.50,4.8,3.2,Cerca del volcan Momotombo
14/04/15,12:08:46,12.37,-86.46,12.7,2.7,Cerca del volcan Momotombo
14/04/15,11:25:58,12.35,-86.51,2.0,1.0,Cerca del volcan Momotombo
14/04/15,10:28:23,12.35,-86.54,4.5,1.2,Cerca del volcan Momotombo
14/04/15,09:57:49,12.03,-88.14,4.8,3.5,Oceano Pacífico de Nicaragua
14/04/15,09:16:10,12.63,-86.83,3.7,1.4,Cerca del volcan Telica
14/04/15,08:50:09,12.41,-86.49,5.5,2.2,Cerca del volcan Momotombo
14/04/15,07:17:49,12.36,-86.45,9.0,3.2,Cerca del volcan Momotombo
14/04/15,07:14:08,12.36,-86.45,7.9,2.5,Cerca del volcan Momotombo
14/04/15,07:03:21,12.38,-86.51,12.7,2.4,Cerca del volcan Momotombo
14/04/15,06:48:12,12.25,-86.35,6.0,3.3,Cerca del volcan Apoyeque
14/04/15,06:30:33,12.22,-86.37,5.0,1.4,Cerca del volcan Apoyeque
14/04/15,06:02:00,12.23,-86.36,4.3,2.7,Cerca del volcan Apoyeque
14/04/15,05:28:02,12.19,-86.34,4.3,1.3,Cerca del volcan Apoyeque
14/04/15,05:20:57,12.17,-86.35,6.1,1.8,Cerca del volcan Apoyeque
14/04/15,04:01:12,12.22,-86.37,5.5,2.0,Cerca del volcan Apoyeque
14/04/15,03:27:05,12.36,-86.44,2.0,1.5,Cerca del volcan Momotombo
14/04/15,03:18:24,12.37,-86.45,6.1,1.9,Cerca del volcan Momotombo
14/04/15,02:56:52,12.36,-86.44,6.7,2.3,Cerca del volcan Momotombo
14/04/15,02:50:49,13.98,-92.27,44.0,5.0,Frente a Guatemala
14/04/15,02:20:20,12.23,-86.34,10.2,2.2,Cerca del volcan Apoyeque
14/04/15,02:18:01,12.23,-86.37,4.6,1.6,Cerca del volcan Apoyeque
14/04/15,01:37:59,12.23,-86.38,19.0,2.2,Cerca del volcan Apoyeque
14/04/15,01:23:17,12.20,-86.33,6.2,2.1,Cerca del volcan Apoyeque
14/04/15,01:09:53,12.20,-86.31,5.5,3.3,En o cerca de Managua
14/04/15,01:04:04,12.20,-86.31,6.1,3.5,En o cerca de Managua
14/04/15,00:50:03,12.38,-86.50,11.8,1.7,Cerca del volcan Momotombo
14/04/15,00:30:55,12.32,-86.42,12.5,1.2,Cerca del volcan Apoyeque
14/04/14,23:35:43,12.30,-86.46,15.6,1.9,Cerca del volcan Apoyeque
14/04/14,23:15:40,12.28,-86.35,11.8,1.4,Cerca del volcan Apoyeque
14/04/14,22:28:07,12.19,-86.32,6.0,4.2,Cerca del volcan Apoyeque
14/04/14,22:15:46,12.20,-86.32,5.7,2.6,Cerca del volcan Apoyeque
14/04/14,22:00:46,12.24,-86.37,13.8,2.7,Cerca del volcan Apoyeque
14/04/14,21:47:26,12.38,-86.51,15.8,1.8,Cerca del volcan Momotombo
14/04/14,21:41:44,12.38,-86.44,5.8,3.3,Cerca del volcan Momotombo
14/04/14,21:24:11,12.24,-86.36,6.0,1.4,Cerca del volcan Apoyeque
14/04/14,21:14:40,12.37,-86.48,15.0,2.3,Cerca del volcan Momotombo
14/04/14,21:02:30,12.37,-86.43,2.8,2.6,Cerca del volcan Momotombo
14/04/14,20:33:36,12.22,-86.34,3.9,1.9,Cerca del volcan Apoyeque
14/04/14,20:15:47,12.28,-86.31,2.3,1.9,Cerca del volcan Apoyeque
14/04/14,20:07:32,12.40,-86.49,4.2,2.0,Cerca del volcan Momotombo
14/04/14,19:12:47,12.35,-86.47,2.4,1.3,Cerca del volcan Momotombo
14/04/14,19:06:33,12.39,-86.50,6.6,3.1,Cerca del volcan Momotombo
14/04/14,18:53:42,12.23,-86.37,12.1,2.5,Cerca del volcan Apoyeque
14/04/14,18:45:46,12.24,-86.37,12.1,1.8,Cerca del volcan Apoyeque
14/04/14,18:34:43,12.23,-86.37,4.1,1.6,Cerca del volcan Apoyeque
14/04/14,18:09:01,12.39,-86.52,0.1,1.3,Cerca del volcan Momotombo
14/04/14,18:04:31,12.26,-86.38,2.0,3.1,Cerca del volcan Apoyeque
14/04/14,17:59:19,12.19,-86.41,17.7,3.1,Oeste-Suroeste de Managua
14/04/14,17:34:01,12.17,-87.91,162.8,2.8,Frente al Cosigüina
14/04/14,17:16:11,12.24,-86.37,6.0,1.5,Cerca del volcan Apoyeque
14/04/14,17:08:29,11.82,-87.33,15.0,3.8,Frente a Poneloya
14/04/14,16:19:28,12.21,-86.37,12.0,2.9,Cerca del volcan Apoyeque
14/04/14,15:51:44,12.22,-86.37,0.1,1.7,Cerca del volcan Apoyeque
14/04/14,15:46:26,12.28,-86.36,6.0,2.2,Cerca del volcan Apoyeque
14/04/14,15:40:33,12.26,-86.36,4.7,3.4,Cerca del volcan Apoyeque
14/04/14,15:23:15,12.41,-86.52,6.2,1.9,Cerca del volcan Momotombo
14/04/14,14:59:03,12.26,-86.48,18.8,1.3,Oeste-Suroeste de Managua
14/04/14,14:51:28,12.25,-86.37,6.2,3.3,Cerca del volcan Apoyeque
14/04/14,14:08:03,12.24,-86.35,11.9,2.4,Cerca del volcan Apoyeque
14/04/14,13:50:05,12.17,-86.36,17.6,3.3,Cerca del volcan Apoyeque
14/04/14,13:31:38,12.54,-88.21,106.8,3.8,Frente al Golfo de Fonseca
14/04/14,13:14:35,12.34,-86.49,11.1,2.1,Cerca del volcan Momotombo
14/04/14,12:59:40,12.24,-86.37,5.1,2.3,Cerca del volcan Apoyeque
14/04/14,12:49:31,12.25,-86.38,4.6,1.7,Cerca del volcan Apoyeque
14/04/14,12:46:28,12.23,-86.37,7.5,1.6,Cerca del volcan Apoyeque
14/04/14,12:23:14,12.10,-87.30,15.0,2.7,Frente a Poneloya
14/04/14,12:14:21,12.24,-86.37,6.9,3.7,Cerca del volcan Apoyeque
14/04/14,11:56:04,11.27,-86.98,15.2,2.9,Frente a Masachapa
14/04/14,11:44:32,12.28,-86.36,3.1,2.2,Cerca del volcan Apoyeque
14/04/14,11:32:22,12.39,-86.47,1.3,2.0,Cerca del volcan Momotombo
14/04/14,11:20:12,12.09,-87.08,15.0,1.6,Frente a Poneloya
14/04/14,11:05:27,12.21,-86.40,4.7,1.8,Cerca del volcan Apoyeque
14/04/14,11:00:56,12.24,-86.37,4.6,2.9,Cerca del volcan Apoyeque
14/04/14,10:21:47,12.21,-86.36,8.4,2.7,Cerca del volcan Apoyeque
14/04/14,09:54:21,12.23,-86.35,6.7,3.6,Cerca del volcan Apoyeque
14/04/14,09:26:11,12.34,-86.54,3.9,1.8,Cerca del volcan Momotombo
14/04/14,09:15:54,12.23,-86.38,11.5,1.4,Cerca del volcan Apoyeque
14/04/14,07:54:31,12.20,-86.36,5.9,1.8,Cerca del volcan Apoyeque
14/04/14,07:50:15,12.22,-86.35,5.0,3.2,Cerca del volcan Apoyeque
14/04/14,07:22:36,12.19,-86.35,19.2,2.3,Cerca del volcan Apoyeque
14/04/14,07:13:42,12.23,-86.37,5.1,1.7,Cerca del volcan Apoyeque
14/04/14,07:11:50,12.37,-86.46,8.1,2.7,Cerca del volcan Momotombo
14/04/14,06:53:32,12.37,-86.48,6.3,1.9,Cerca del volcan Momotombo
14/04/14,06:44:17,12.24,-86.34,6.2,2.7,Cerca del volcan Apoyeque
14/04/14,06:36:24,12.25,-86.36,6.0,3.8,Cerca del volcan Apoyeque
14/04/14,05:54:22,12.25,-86.37,6.2,3.0,Cerca del volcan Apoyeque
14/04/14,05:36:39,12.22,-86.39,16.3,3.3,Cerca del volcan Apoyeque
14/04/14,05:32:03,12.22,-86.37,14.5,3.0,Cerca del volcan Apoyeque
14/04/14,05:02:05,12.26,-86.36,6.2,2.4,Cerca del volcan Apoyeque
14/04/14,04:52:13,12.22,-86.36,13.4,2.4,Cerca del volcan Apoyeque
14/04/14,04:47:11,11.90,-86.54,96.1,3.3,Oeste-Suroeste de Managua
14/04/14,04:40:15,12.23,-86.37,1.7,2.0,Cerca del volcan Apoyeque
14/04/14,04:29:51,12.21,-86.37,6.9,3.7,Cerca del volcan Apoyeque
14/04/14,04:14:24,12.39,-86.47,6.2,2.8,Cerca del volcan Momotombo
14/04/14,03:39:47,12.24,-86.34,6.1,2.4,Cerca del volcan Apoyeque
14/04/14,03:23:44,12.24,-86.35,6.8,3.0,Cerca del volcan Apoyeque
14/04/14,03:14:15,12.22,-86.33,15.0,1.0,Cerca del volcan Apoyeque
14/04/14,03:05:18,12.24,-86.33,6.1,3.3,Cerca del volcan Apoyeque
14/04/14,02:59:33,12.25,-86.35,13.1,2.3,Cerca del volcan Apoyeque
14/04/14,02:56:06,12.23,-86.36,13.3,2.3,Cerca del volcan Apoyeque
14/04/14,02:49:17,12.23,-86.34,7.8,2.7,Cerca del volcan Apoyeque
14/04/14,02:46:18,12.23,-86.34,5.5,2.4,Cerca del volcan Apoyeque
14/04/14,02:44:26,12.22,-86.37,0.9,1.3,Cerca del volcan Apoyeque
14/04/14,02:32:34,12.35,-86.46,4.9,2.6,Cerca del volcan Momotombo
14/04/14,02:09:57,12.19,-86.35,15.0,2.1,Cerca del volcan Apoyeque
14/04/14,01:56:17,12.19,-86.35,14.4,2.2,Cerca del volcan Apoyeque
14/04/14,01:51:32,12.18,-86.34,16.6,2.5,Cerca del volcan Apoyeque
14/04/14,01:41:56,12.42,-86.51,5.9,2.6,Cerca del volcan Momotombo
14/04/14,01:36:12,12.24,-86.34,8.1,3.1,Cerca del volcan Apoyeque
14/04/14,01:27:45,12.22,-86.34,5.2,2.7,Cerca del volcan Apoyeque
14/04/14,01:24:09,12.22,-86.31,5.5,2.0,Cerca del volcan Apoyeque
14/04/14,01:16:03,12.42,-86.49,2.0,4.2,Cerca del volcan Momotombo
14/04/14,01:10:05,12.23,-86.35,7.1,3.1,Cerca del volcan Apoyeque
14/04/14,00:54:29,12.22,-86.34,14.4,2.0,Cerca del volcan Apoyeque
14/04/14,00:52:25,12.24,-86.34,5.2,3.2,Cerca del volcan Apoyeque
14/04/14,00:44:15,12.26,-86.36,6.4,3.0,Cerca del volcan Apoyeque
14/04/14,00:39:02,12.23,-86.35,5.1,2.8,Cerca del volcan Apoyeque
14/04/14,00:34:10,12.19,-86.37,15.1,3.0,Cerca del volcan Apoyeque
14/04/14,00:31:01,12.22,-86.35,16.1,2.9,Cerca del volcan Apoyeque
14/04/14,00:27:24,12.24,-86.33,10.7,2.4,Cerca del volcan Apoyeque
14/04/14,00:20:56,12.25,-86.34,7.4,3.5,Cerca del volcan Apoyeque
14/04/14,00:12:31,12.21,-86.35,6.5,4.0,Cerca del volcan Apoyeque
14/04/14,00:05:23,12.19,-86.36,15.0,3.5,Cerca del volcan Apoyeque
14/04/13,23:59:25,12.25,-86.33,6.0,3.5,Cerca del volcan Apoyeque
14/04/13,23:54:58,12.23,-86.34,11.8,2.5,Cerca del volcan Apoyeque
14/04/13,23:49:28,12.25,-86.35,6.5,3.5,Cerca del volcan Apoyeque
14/04/13,23:43:53,12.24,-86.36,2.0,4.6,Cerca del volcan Apoyeque
14/04/13,23:39:42,12.25,-86.34,5.0,3.0,Cerca del volcan Apoyeque
14/04/13,23:25:27,12.24,-86.35,8.4,3.1,Cerca del volcan Apoyeque
14/04/13,23:17:06,12.25,-86.34,6.1,2.9,Cerca del volcan Apoyeque
14/04/13,23:11:05,12.23,-86.36,4.2,3.1,Cerca del volcan Apoyeque
14/04/13,23:07:03,12.23,-86.34,5.4,5.6,Cerca del volcan Apoyeque
14/04/13,22:38:14,12.25,-86.36,6.0,1.5,Cerca del volcan Apoyeque
14/04/13,22:24:43,12.25,-86.33,11.7,1.6,Cerca del volcan Apoyeque
14/04/13,22:12:24,12.26,-86.34,5.6,4.4,Cerca del volcan Apoyeque
14/04/13,22:05:42,12.40,-86.49,6.1,2.1,Cerca del volcan Momotombo
14/04/13,21:43:23,12.34,-86.47,16.0,1.9,Cerca del volcan Momotombo
14/04/13,21:30:06,12.34,-86.44,7.0,1.7,Cerca del volcan Apoyeque
14/04/13,21:21:22,12.38,-86.50,16.1,1.5,Cerca del volcan Momotombo
14/04/13,19:25:46,12.35,-86.47,12.1,2.5,Cerca del volcan Momotombo
14/04/13,19:14:52,12.38,-86.46,5.7,2.7,Cerca del volcan Momotombo
14/04/13,18:27:45,12.25,-86.38,5.9,2.6,Cerca del volcan Apoyeque
14/04/13,18:04:51,12.37,-86.45,4.0,3.4,Cerca del volcan Momotombo
14/04/13,17:50:20,12.38,-86.45,5.3,3.5,Cerca del volcan Momotombo
14/04/13,17:40:10,12.34,-86.42,4.4,3.6,Cerca del volcan Apoyeque
14/04/13,17:36:50,12.41,-86.49,6.0,3.1,Cerca del volcan Momotombo
14/04/13,16:56:41,11.96,-87.49,15.0,3.0,Frente a Corinto
14/04/13,16:38:07,12.18,-86.27,8.0,2.2,Sur del Lago de Managua
14/04/13,16:25:33,12.56,-86.80,6.5,1.9,Cerca del volcan Telica
14/04/13,14:42:14,12.35,-86.57,1.9,1.8,Cerca del volcan Momotombo
14/04/13,12:55:02,12.27,-86.36,6.5,2.2,Cerca del volcan Apoyeque
14/04/13,12:26:49,12.26,-86.36,4.3,1.6,Cerca del volcan Apoyeque
14/04/13,11:54:29,12.37,-86.53,11.8,1.8,Cerca del volcan Momotombo
14/04/13,11:41:34,12.25,-86.35,8.0,3.1,Cerca del volcan Apoyeque
14/04/13,11:17:30,12.60,-86.80,0.2,0.7,Cerca del volcan Telica
14/04/13,10:09:58,12.61,-86.84,0.8,1.3,Cerca del volcan Telica
14/04/13,09:54:06,12.43,-86.43,0.6,1.9,Cerca del volcan Momotombo
14/04/13,08:51:52,12.40,-86.50,5.4,2.4,Cerca del volcan Momotombo
14/04/13,08:46:27,12.40,-86.51,5.1,3.6,Cerca del volcan Momotombo
14/04/13,07:50:41,12.38,-86.50,6.4,2.6,Cerca del volcan Momotombo
14/04/13,06:11:00,12.32,-86.46,3.1,1.4,Cerca del volcan Momotombo
14/04/13,06:10:24,12.22,-86.55,5.0,2.2,SO de La Paz Centro/Nagarote
14/04/13,04:52:02,12.22,-86.34,5.2,1.7,Cerca del volcan Apoyeque
14/04/13,04:29:33,12.35,-86.45,6.2,2.4,Cerca del volcan Momotombo
14/04/13,04:17:26,12.04,-86.71,0.1,2.1,Frente a Puerto Sandino
14/04/13,03:54:03,12.36,-86.49,5.1,2.7,Cerca del volcan Momotombo
14/04/13,03:31:10,12.23,-86.38,12.6,2.1,Cerca del volcan Apoyeque
14/04/13,03:25:48,12.22,-86.54,5.8,1.9,SO de La Paz Centro/Nagarote
14/04/13,03:20:42,12.36,-86.44,6.6,1.7,Cerca del volcan Momotombo
14/04/13,02:32:35,12.37,-86.48,6.1,2.4,Cerca del volcan Momotombo
14/04/13,02:30:10,12.34,-86.52,1.6,2.4,Cerca del volcan Momotombo
14/04/13,02:21:25,12.38,-86.45,6.3,2.4,Cerca del volcan Momotombo
14/04/13,02:20:56,12.38,-86.45,6.2,2.1,Cerca del volcan Momotombo
14/04/13,01:57:46,12.42,-86.51,3.7,3.6,Cerca del volcan Momotombo
14/04/13,01:52:46,12.46,-86.47,14.3,1.6,Cerca del volcan Momotombo
14/04/13,01:43:15,12.34,-86.54,1.7,1.2,Cerca del volcan Momotombo
14/04/13,01:21:53,12.07,-86.35,12.9,1.3,Oeste-Suroeste de Managua
14/04/13,01:21:27,12.24,-86.34,16.5,1.1,Cerca del volcan Apoyeque
14/04/13,01:19:33,12.36,-86.45,6.1,2.5,Cerca del volcan Momotombo
14/04/13,01:00:40,12.33,-86.43,4.6,2.1,Cerca del volcan Apoyeque
14/04/13,00:53:29,12.34,-86.49,5.4,1.9,Cerca del volcan Momotombo
14/04/13,00:45:36,12.41,-86.52,5.6,1.8,Cerca del volcan Momotombo
14/04/13,00:23:21,12.22,-86.41,15.0,1.9,Cerca del volcan Apoyeque
14/04/13,00:17:58,12.30,-86.44,12.1,1.6,Cerca del volcan Apoyeque
14/04/13,00:15:50,12.35,-86.47,7.9,2.0,Cerca del volcan Momotombo
14/04/13,00:14:58,12.31,-86.43,12.2,2.2,Cerca del volcan Apoyeque
14/04/13,00:05:48,12.35,-86.55,6.0,1.4,Cerca del volcan Momotombo
14/04/12,23:54:35,12.36,-86.44,5.3,3.6,Cerca del volcan Momotombo
14/04/12,23:41:03,12.35,-86.45,14.6,3.4,Cerca del volcan Momotombo
14/04/12,23:10:18,12.38,-86.43,3.6,3.3,Cerca del volcan Momotombo
14/04/12,22:59:00,12.37,-86.49,6.5,1.6,Cerca del volcan Momotombo
14/04/12,22:21:32,12.38,-86.43,15.0,1.8,Cerca del volcan Momotombo
14/04/12,22:18:53,12.39,-86.54,1.6,1.4,Cerca del volcan Momotombo
14/04/12,21:49:29,12.37,-86.51,13.1,2.3,Cerca del volcan Momotombo
14/04/12,21:27:22,12.32,-86.45,11.2,2.4,Cerca del volcan Apoyeque
14/04/12,21:12:49,12.25,-86.46,15.0,2.2,Oeste-Suroeste de Managua
14/04/12,21:12:41,12.41,-86.55,1.1,2.0,Cerca del volcan Momotombo
14/04/12,21:12:12,12.40,-86.56,6.2,2.0,Cerca del volcan Momotombo
14/04/12,20:31:33,12.24,-86.38,11.7,2.5,Cerca del volcan Apoyeque
14/04/12,20:30:47,12.21,-86.37,15.0,1.9,Cerca del volcan Apoyeque
14/04/12,20:18:34,12.40,-86.53,12.7,1.7,Cerca del volcan Momotombo
14/04/12,20:07:37,12.24,-86.38,6.2,3.4,Cerca del volcan Apoyeque
14/04/12,20:05:33,12.25,-86.38,2.8,3.2,Cerca del volcan Apoyeque
14/04/12,19:59:11,12.37,-86.55,15.0,2.3,Cerca del volcan Momotombo
14/04/12,19:35:56,12.26,-86.38,4.5,2.1,Cerca del volcan Apoyeque
14/04/12,19:29:45,12.37,-86.54,15.0,2.6,Cerca del volcan Momotombo
14/04/12,19:20:05,12.25,-86.35,5.1,4.3,Cerca del volcan Apoyeque
14/04/12,19:05:28,12.20,-86.48,16.7,2.3,Oeste-Suroeste de Managua
14/04/12,18:27:10,12.32,-86.46,2.8,2.1,Cerca del volcan Apoyeque
14/04/12,16:25:25,12.44,-86.55,3.4,1.2,Cerca del volcan Momotombo
14/04/12,15:34:38,12.25,-86.36,3.0,2.3,Cerca del volcan Apoyeque
14/04/12,15:28:58,12.39,-86.54,10.6,1.2,Cerca del volcan Momotombo
14/04/12,14:37:09,12.39,-86.43,3.8,1.6,Cerca del volcan Momotombo
14/04/12,14:14:03,12.36,-86.49,6.1,3.0,Cerca del volcan Momotombo
14/04/12,13:55:47,12.37,-86.50,3.3,2.6,Cerca del volcan Momotombo
14/04/12,12:57:41,12.38,-86.47,6.0,2.3,Cerca del volcan Momotombo
14/04/12,12:16:02,12.41,-86.55,4.8,2.2,Cerca del volcan Momotombo
14/04/12,11:54:05,12.39,-86.53,7.4,2.6,Cerca del volcan Momotombo
14/04/12,11:21:27,11.56,-85.55,1.6,2.7,Cerca del Volcán Concepcion
14/04/12,11:21:14,12.39,-86.50,6.0,3.2,Cerca del volcan Momotombo
14/04/12,09:31:19,12.50,-87.73,61.4,3.9,Frente al Cosigüina
14/04/12,08:49:26,12.38,-86.54,2.0,1.7,Cerca del volcan Momotombo
14/04/12,08:17:50,12.34,-86.48,2.1,2.8,Cerca del volcan Momotombo
14/04/12,07:59:37,11.13,-86.69,128.3,4.2,Frente a La Boquita y Casares
14/04/12,07:39:29,12.31,-86.41,3.1,3.4,Cerca del volcan Apoyeque
14/04/12,07:29:18,12.37,-86.51,7.3,1.9,Cerca del volcan Momotombo
14/04/12,06:58:06,12.39,-86.49,4.5,3.0,Cerca del volcan Momotombo
14/04/12,06:16:15,12.36,-86.55,0.2,1.8,Cerca del volcan Momotombo
14/04/12,05:57:32,12.36,-86.50,2.0,1.8,Cerca del volcan Momotombo
14/04/12,05:14:06,12.35,-86.49,7.3,2.1,Cerca del volcan Momotombo
14/04/12,04:56:09,12.27,-86.34,11.4,2.8,Cerca del volcan Apoyeque
14/04/12,04:23:12,12.27,-86.33,4.4,2.7,Cerca del volcan Apoyeque
14/04/12,04:16:05,12.30,-86.43,2.1,2.1,Cerca del volcan Apoyeque
14/04/12,04:02:09,12.24,-86.37,7.2,3.2,Cerca del volcan Apoyeque
14/04/12,03:41:17,12.34,-86.45,6.0,2.6,Cerca del volcan Momotombo
14/04/12,03:31:57,12.27,-86.34,4.7,2.1,Cerca del volcan Apoyeque
14/04/12,03:09:47,12.27,-86.32,14.6,1.8,Cerca del volcan Apoyeque
14/04/12,02:48:37,12.13,-87.45,23.8,4.4,Frente a Corinto
14/04/12,01:59:05,12.37,-86.48,3.6,1.1,Cerca del volcan Momotombo
14/04/12,01:34:15,12.26,-86.35,14.0,1.9,Cerca del volcan Apoyeque
14/04/12,01:04:47,12.34,-86.50,4.4,1.6,Cerca del volcan Momotombo
14/04/12,00:57:06,12.23,-86.34,18.6,2.3,Cerca del volcan Apoyeque
14/04/12,00:25:25,12.45,-86.56,3.2,1.9,Cerca del volcan Momotombo
14/04/12,00:11:10,12.24,-86.38,5.1,2.3,Cerca del volcan Apoyeque
14/04/12,00:05:48,12.36,-86.51,10.7,2.4,Cerca del volcan Momotombo
14/04/12,00:04:08,12.31,-86.45,4.5,2.2,Cerca del volcan Apoyeque
14/04/11,23:25:51,12.34,-86.50,6.1,1.9,Cerca del volcan Momotombo
14/04/11,23:03:37,12.34,-86.49,2.0,2.2,Cerca del volcan Momotombo
14/04/11,21:40:37,12.32,-86.30,21.8,3.4,Cerca del volcan Apoyeque
14/04/11,21:29:21,12.34,-86.40,1.6,3.7,Cerca del volcan Apoyeque
14/04/11,21:20:25,12.39,-86.44,2.8,2.0,Cerca del volcan Momotombo
14/04/11,21:13:39,12.35,-86.31,6.2,2.9,Nicaragua
14/04/11,20:50:41,12.31,-86.29,1.6,3.3,Cerca del volcan Apoyeque
14/04/11,20:30:42,12.37,-86.48,1.3,2.7,Cerca del volcan Momotombo
14/04/11,19:14:55,12.42,-86.42,4.2,2.7,Cerca del volcan Momotombo
14/04/11,18:21:36,12.23,-86.37,8.3,4.0,Cerca del volcan Apoyeque
14/04/11,18:16:54,12.33,-86.33,6.2,3.3,Cerca del volcan Apoyeque
14/04/11,18:08:09,12.28,-86.36,3.7,4.0,Cerca del volcan Apoyeque
14/04/11,17:34:26,12.38,-86.51,8.4,2.4,Cerca del volcan Momotombo
14/04/11,16:40:01,12.41,-86.48,4.3,2.7,Cerca del volcan Momotombo
14/04/11,16:35:32,12.24,-86.52,6.5,2.4,Oeste-Suroeste de Managua
14/04/11,16:23:39,12.34,-86.51,2.0,1.4,Cerca del volcan Momotombo
14/04/11,16:10:31,12.42,-86.53,11.9,1.9,Cerca del volcan Momotombo
14/04/11,15:51:31,12.25,-86.31,4.0,3.7,Cerca del volcan Apoyeque
14/04/11,15:39:48,12.24,-86.37,7.8,3.6,Cerca del volcan Apoyeque
14/04/11,15:39:47,12.25,-86.37,0.6,3.5,Cerca del volcan Apoyeque
14/04/11,15:38:53,12.25,-86.36,4.3,3.3,Cerca del volcan Apoyeque
14/04/11,14:57:53,12.24,-86.34,0.1,3.8,Cerca del volcan Apoyeque
14/04/11,14:50:29,11.79,-86.06,114.0,4.9,Carazo
14/04/11,14:29:15,11.71,-86.09,113.6,6.7,Rivas
14/04/11,14:14:33,12.25,-86.38,7.0,3.0,Cerca del volcan Apoyeque
14/04/11,14:08:42,12.35,-86.41,0.2,3.2,Cerca del volcan Apoyeque
14/04/11,14:05:15,12.37,-86.46,4.4,3.7,Cerca del volcan Momotombo
14/04/11,13:48:26,12.36,-86.55,5.3,1.8,Cerca del volcan Momotombo
14/04/11,13:27:06,12.36,-86.36,6.2,2.7,Cerca del volcan Apoyeque
14/04/11,13:22:09,12.45,-86.44,6.0,2.3,Cerca del volcan Momotombo
14/04/11,13:06:14,12.35,-86.36,35.4,3.0,Cerca del volcan Apoyeque
14/04/11,13:05:23,12.37,-86.45,5.5,3.3,Cerca del volcan Momotombo
14/04/11,13:03:37,12.36,-86.49,6.0,3.8,Cerca del volcan Momotombo
14/04/11,12:44:39,12.42,-86.50,2.0,2.5,Cerca del volcan Momotombo
14/04/11,12:38:56,12.22,-86.35,39.4,2.4,Cerca del volcan Apoyeque
14/04/11,12:22:52,12.24,-86.38,10.9,2.8,Cerca del volcan Apoyeque
14/04/11,12:17:18,12.36,-86.46,2.8,4.4,Cerca del volcan Momotombo
14/04/11,11:54:37,12.17,-86.27,19.6,3.8,Sur del Lago de Managua
14/04/11,11:16:13,12.45,-86.63,4.6,1.8,Cerca del Volcan Cerro Negro
14/04/11,11:07:42,12.38,-86.46,6.0,3.5,Cerca del volcan Momotombo
14/04/11,10:42:23,12.26,-86.44,6.5,2.2,Cerca del volcan Apoyeque
14/04/11,10:32:52,12.41,-86.49,3.4,3.8,Cerca del volcan Momotombo
14/04/11,10:05:43,12.26,-86.37,1.9,3.3,Cerca del volcan Apoyeque
14/04/11,09:56:52,12.22,-86.38,11.9,3.3,Cerca del volcan Apoyeque
14/04/11,09:23:19,12.43,-86.52,6.7,2.2,Cerca del volcan Momotombo
14/04/11,09:17:53,12.43,-86.51,2.1,2.3,Cerca del volcan Momotombo
14/04/11,08:52:41,12.22,-86.35,8.8,3.3,Cerca del volcan Apoyeque
14/04/11,08:39:12,12.34,-86.42,10.6,4.6,Cerca del volcan Apoyeque
14/04/11,08:28:04,12.38,-86.42,8.3,3.4,Cerca del volcan Momotombo
14/04/11,08:10:36,12.22,-86.39,5.3,2.6,Cerca del volcan Apoyeque
14/04/11,08:04:04,12.33,-86.47,3.1,2.4,Cerca del volcan Momotombo
14/04/11,07:33:43,12.32,-86.48,9.8,2.4,Cerca del volcan Momotombo
14/04/11,07:18:29,12.32,-86.52,1.0,2.9,Cerca del volcan Momotombo
14/04/11,07:07:49,12.39,-86.53,27.0,1.9,Cerca del volcan Momotombo
14/04/11,06:52:31,12.39,-86.44,1.1,3.0,Cerca del volcan Momotombo
14/04/11,06:43:08,12.26,-86.37,12.1,1.8,Cerca del volcan Apoyeque
14/04/11,06:25:58,12.30,-86.43,2.0,4.1,Cerca del volcan Apoyeque
14/04/11,06:20:40,12.32,-86.47,2.0,2.9,Cerca del volcan Momotombo
14/04/11,06:13:24,12.42,-86.59,2.0,2.4,Cerca del volcan Momotombo
14/04/11,05:45:31,12.40,-86.49,5.1,3.0,Cerca del volcan Momotombo
14/04/11,05:35:27,12.36,-86.43,10.6,3.1,Cerca del volcan Momotombo
14/04/11,05:30:54,12.39,-86.50,0.4,1.9,Cerca del volcan Momotombo
14/04/11,05:28:28,12.42,-86.46,2.3,2.0,Cerca del volcan Momotombo
14/04/11,05:09:47,12.25,-86.35,4.9,2.0,Cerca del volcan Apoyeque
14/04/11,05:04:50,12.35,-86.44,2.0,2.7,Cerca del volcan Momotombo
14/04/11,04:52:19,12.36,-86.45,6.2,2.8,Cerca del volcan Momotombo
14/04/11,04:33:04,12.31,-86.62,15.8,2.5,SO de La Paz Centro/Nagarote
14/04/11,04:25:19,12.36,-86.49,6.1,2.2,Cerca del volcan Momotombo
14/04/11,04:11:53,12.40,-86.50,1.4,2.9,Cerca del volcan Momotombo
14/04/11,03:47:32,12.32,-86.41,9.1,4.3,Cerca del volcan Apoyeque
14/04/11,03:34:44,12.32,-86.41,7.9,2.9,Cerca del volcan Apoyeque
14/04/11,03:30:48,12.33,-86.49,6.3,2.1,Cerca del volcan Momotombo
14/04/11,03:27:19,12.37,-86.40,1.1,2.5,Cerca del volcan Momotombo
14/04/11,03:21:39,12.28,-86.63,19.6,2.8,SO de La Paz Centro/Nagarote
14/04/11,03:11:01,12.34,-86.43,17.2,3.3,Cerca del volcan Apoyeque
14/04/11,03:06:42,12.38,-86.40,0.1,4.3,Cerca del volcan Momotombo
14/04/11,03:01:07,12.25,-86.37,11.3,2.7,Cerca del volcan Apoyeque
14/04/11,02:55:38,12.37,-86.37,13.7,2.8,Cerca del volcan Apoyeque
14/04/11,02:42:43,12.31,-86.45,2.0,1.6,Cerca del volcan Apoyeque
14/04/11,02:12:06,12.26,-86.45,2.0,2.4,Cerca del volcan Apoyeque
14/04/11,02:03:47,12.37,-86.35,5.2,3.1,Cerca del volcan Apoyeque
14/04/11,01:49:01,12.35,-86.40,16.3,3.0,Cerca del volcan Apoyeque
14/04/11,01:44:58,12.26,-86.48,15.2,3.0,Oeste-Suroeste de Managua
14/04/11,01:34:50,12.42,-86.58,2.0,1.6,Cerca del volcan Momotombo
14/04/11,01:23:17,12.40,-86.50,0.1,3.8,Cerca del volcan Momotombo
14/04/11,01:07:57,12.37,-86.37,15.0,2.6,Cerca del volcan Apoyeque
14/04/11,01:03:54,12.37,-86.51,2.1,2.4,Cerca del volcan Momotombo
14/04/11,01:00:15,12.40,-86.49,1.0,2.4,Cerca del volcan Momotombo
14/04/11,00:44:11,12.36,-86.43,1.8,3.2,Cerca del volcan Momotombo
14/04/11,00:08:14,12.45,-86.40,15.0,2.6,Nicaragua
14/04/11,00:02:21,12.30,-86.37,12.1,2.3,Cerca del volcan Apoyeque
14/04/10,23:43:21,12.27,-86.34,6.0,3.0,Cerca del volcan Apoyeque
14/04/10,23:33:49,12.24,-86.35,10.9,3.1,Cerca del volcan Apoyeque
14/04/10,23:29:37,12.27,-86.33,4.3,2.7,Cerca del volcan Apoyeque
14/04/10,23:23:41,12.42,-86.51,14.6,3.8,Cerca del volcan Momotombo
14/04/10,23:20:12,12.34,-86.28,12.5,2.7,Nicaragua
14/04/10,22:35:09,12.26,-86.35,6.1,3.1,Cerca del volcan Apoyeque
14/04/10,22:27:28,12.43,-86.51,2.6,2.5,Cerca del volcan Momotombo
14/04/10,22:08:24,12.37,-86.43,15.0,2.2,Cerca del volcan Momotombo
14/04/10,22:03:26,12.38,-86.51,6.0,3.1,Cerca del volcan Momotombo
14/04/10,21:49:55,12.38,-86.50,1.7,3.8,Cerca del volcan Momotombo
14/04/10,21:38:06,12.22,-86.32,14.2,3.5,Cerca del volcan Apoyeque
14/04/10,21:31:41,12.27,-86.29,4.5,3.9,Cerca del volcan Apoyeque
14/04/10,21:26:29,12.33,-86.42,2.3,4.4,Cerca del volcan Apoyeque
14/04/10,21:20:50,12.09,-86.27,0.0,3.2,En o cerca de Managua
14/04/10,21:15:36,12.30,-86.26,1.1,2.7,Nicaragua
14/04/10,21:11:01,12.39,-86.49,5.4,3.4,Cerca del volcan Momotombo
14/04/10,21:00:48,11.97,-85.84,13.6,3.5,Nicaragua
14/04/10,21:00:17,12.40,-86.49,6.0,3.2,Cerca del volcan Momotombo
14/04/10,20:48:42,12.34,-86.44,6.1,1.4,Cerca del volcan Apoyeque
14/04/10,20:37:54,12.42,-86.46,7.5,2.9,Cerca del volcan Momotombo
14/04/10,20:26:20,12.46,-86.47,6.8,2.9,Cerca del volcan Momotombo
14/04/10,20:21:31,12.33,-86.40,2.1,2.6,Cerca del volcan Apoyeque
14/04/10,20:19:56,12.40,-86.42,15.0,2.8,Cerca del volcan Momotombo
14/04/10,20:11:17,12.44,-86.46,2.0,2.4,Cerca del volcan Momotombo
14/04/10,20:01:39,12.41,-86.43,6.0,3.3,Cerca del volcan Momotombo
14/04/10,19:57:55,12.46,-86.42,6.3,2.4,Nicaragua
14/04/10,19:49:36,12.36,-86.44,5.0,2.7,Cerca del volcan Momotombo
14/04/10,19:46:16,12.42,-86.45,6.5,3.2,Cerca del volcan Momotombo
14/04/10,19:38:01,12.40,-86.50,5.6,3.9,Cerca del volcan Momotombo
14/04/10,19:34:08,12.41,-86.49,15.0,3.2,Cerca del volcan Momotombo
14/04/10,19:24:44,12.36,-86.49,2.1,4.0,Cerca del volcan Momotombo
14/04/10,19:16:53,12.31,-86.37,2.0,2.3,Cerca del volcan Apoyeque
14/04/10,19:10:10,12.41,-86.42,10.9,3.3,Cerca del volcan Momotombo
14/04/10,19:04:07,12.40,-86.50,4.8,3.3,Cerca del volcan Momotombo
14/04/10,18:54:59,12.44,-86.51,2.1,2.7,Cerca del volcan Momotombo
14/04/10,18:47:28,12.45,-86.41,6.0,3.1,Nicaragua
14/04/10,18:44:26,12.38,-86.48,7.2,4.0,Cerca del volcan Momotombo
14/04/10,18:40:48,12.34,-86.43,14.1,3.1,Cerca del volcan Apoyeque
14/04/10,18:39:45,12.39,-86.46,6.0,3.9,Cerca del volcan Momotombo
14/04/10,18:28:46,12.40,-86.51,6.4,5.0,Cerca del volcan Momotombo
14/04/10,18:12:13,12.35,-86.48,1.4,3.6,Cerca del volcan Momotombo
14/04/10,18:01:22,12.37,-86.44,1.5,5.0,Cerca del volcan Momotombo
14/04/10,17:49:05,12.39,-86.39,26.5,3.3,Cerca del volcan Momotombo
14/04/10,17:47:12,12.49,-86.38,10.0,3.6,Nicaragua
14/04/10,17:44:50,12.39,-86.48,4.6,4.9,Cerca del volcan Momotombo
14/04/10,17:43:31,12.40,-86.46,11.8,3.1,Cerca del volcan Momotombo
14/04/10,17:42:25,12.49,-86.38,7.3,4.6,Nicaragua
14/04/10,17:37:24,12.44,-86.49,1.6,3.9,Cerca del volcan Momotombo
14/04/10,17:35:02,12.42,-86.51,3.6,4.4,Cerca del volcan Momotombo
14/04/10,17:27:43,12.26,-86.52,0.9,6.2,SO de La Paz Centro/Nagarote
14/04/10,14:34:40,12.31,-86.48,2.0,2.0,Cerca del volcan Momotombo
14/04/10,12:46:02,12.35,-86.50,6.1,1.9,Cerca del volcan Momotombo
14/04/10,12:43:54,12.36,-86.44,9.5,4.0,Cerca del volcan Momotombo
14/04/10,05:46:01,12.55,-88.27,15.0,2.6,Frente al Golfo de Fonseca
